{
    "mse": {
        "u": {
            "mean": 0.00127,
            "std": 0.00052
        },
        "v": {
            "mean": 0.0011,
            "std": 0.0004
        }
    },
    "ssim": {
        "u": {
            "mean": 0.839,
            "std": 0.04034
        },
        "v": {
            "mean": 0.82075,
            "std": 0.04219
        }
    },
    "psnr": {
        "u": {
            "mean": 32.13586,
            "std": 1.59694
        },
        "v": {
            "mean": 31.78708,
            "std": 1.56061
        }
    },
    "lpips": {
        "u": {
            "mean": 0.28947,
            "std": 0.05214
        },
        "v": {
            "mean": 0.26714,
            "std": 0.0468
        }
    },
    "fsim": {
        "u": {
            "mean": 0.49844,
            "std": 0.04014
        },
        "v": {
            "mean": 0.50857,
            "std": 0.0457
        }
    },
    "epi": {
        "u": {
            "mean": 0.0874,
            "std": 0.0265
        },
        "v": {
            "mean": 0.0871,
            "std": 0.02297
        }
    },
    "tke": {
        "u": {
            "mean": 0.02501,
            "std": 0.01039
        },
        "v": {
            "mean": 0.02187,
            "std": 0.00795
        }
    }
}