{
    "mse": {
        "psi1": {
            "mean": 0.0012742470717057586,
            "std": 0.0005248581292107701
        },
        "psi2": {
            "mean": 0.0011041469406336546,
            "std": 0.0003973748243879527
        }
    },
    "ssim": {
        "psi1": {
            "mean": 0.83900386095047,
            "std": 0.04034006968140602
        },
        "psi2": {
            "mean": 0.820749044418335,
            "std": 0.04219440370798111
        }
    },
    "psnr": {
        "psi1": {
            "mean": 32.13585662841797,
            "std": 1.5969444513320923
        },
        "psi2": {
            "mean": 31.78707504272461,
            "std": 1.5606050491333008
        }
    },
    "lpips": {
        "psi1": {
            "mean": 0.28947318598628047,
            "std": 0.05213925100757122
        },
        "psi2": {
            "mean": 0.26714123564958575,
            "std": 0.046800885382854575
        }
    },
    "fsim": {
        "psi1": {
            "mean": 0.49844420938695605,
            "std": 0.0401449761938639
        },
        "psi2": {
            "mean": 0.508568204947338,
            "std": 0.04570269074220429
        }
    },
    "epi": {
        "psi1": {
            "mean": 0.08739610661998273,
            "std": 0.026498293133404193
        },
        "psi2": {
            "mean": 0.08709518000622854,
            "std": 0.022965923546176225
        }
    },
    "tke": {
        "psi1": {
            "mean": 0.025013150551822037,
            "std": 0.010387038691216648
        },
        "psi2": {
            "mean": 0.02187075258884579,
            "std": 0.007954976567114995
        }
    }
}