{
    "mse": {
        "u": {
            "mean": 0.00139,
            "std": 0.00059
        },
        "v": {
            "mean": 0.00121,
            "std": 0.00044
        }
    },
    "ssim": {
        "u": {
            "mean": 0.82214,
            "std": 0.04436
        },
        "v": {
            "mean": 0.79787,
            "std": 0.0458
        }
    },
    "psnr": {
        "u": {
            "mean": 31.76723,
            "std": 1.61379
        },
        "v": {
            "mean": 31.37243,
            "std": 1.51599
        }
    },
    "lpips": {
        "u": {
            "mean": 0.30612,
            "std": 0.05638
        },
        "v": {
            "mean": 0.29195,
            "std": 0.04832
        }
    },
    "fsim": {
        "u": {
            "mean": 0.45452,
            "std": 0.04384
        },
        "v": {
            "mean": 0.45644,
            "std": 0.04985
        }
    },
    "epi": {
        "u": {
            "mean": 0.08999,
            "std": 0.02549
        },
        "v": {
            "mean": 0.08938,
            "std": 0.02272
        }
    },
    "tke": {
        "u": {
            "mean": 0.02642,
            "std": 0.0113
        },
        "v": {
            "mean": 0.02319,
            "std": 0.0085
        }
    }
}