{
    "mse": {
        "u": {
            "mean": 0.00175,
            "std": 0.00073
        },
        "v": {
            "mean": 0.00151,
            "std": 0.00055
        }
    },
    "ssim": {
        "u": {
            "mean": 0.7888,
            "std": 0.04614
        },
        "v": {
            "mean": 0.75995,
            "std": 0.04996
        }
    },
    "psnr": {
        "u": {
            "mean": 30.77272,
            "std": 1.56478
        },
        "v": {
            "mean": 30.43295,
            "std": 1.50406
        }
    },
    "lpips": {
        "u": {
            "mean": 0.31881,
            "std": 0.05473
        },
        "v": {
            "mean": 0.30067,
            "std": 0.04629
        }
    },
    "fsim": {
        "u": {
            "mean": 0.39732,
            "std": 0.04511
        },
        "v": {
            "mean": 0.39743,
            "std": 0.04965
        }
    },
    "epi": {
        "u": {
            "mean": 0.08921,
            "std": 0.02634
        },
        "v": {
            "mean": 0.08769,
            "std": 0.02301
        }
    },
    "tke": {
        "u": {
            "mean": 0.02957,
            "std": 0.01243
        },
        "v": {
            "mean": 0.0259,
            "std": 0.00947
        }
    }
}