{
    "mse": {
        "u": {
            "mean": 0.00134,
            "std": 0.00056
        },
        "v": {
            "mean": 0.00117,
            "std": 0.00041
        }
    },
    "ssim": {
        "u": {
            "mean": 0.83913,
            "std": 0.03921
        },
        "v": {
            "mean": 0.81727,
            "std": 0.04184
        }
    },
    "psnr": {
        "u": {
            "mean": 31.92048,
            "std": 1.54311
        },
        "v": {
            "mean": 31.50615,
            "std": 1.51506
        }
    },
    "lpips": {
        "u": {
            "mean": 0.27008,
            "std": 0.05315
        },
        "v": {
            "mean": 0.25323,
            "std": 0.04626
        }
    },
    "fsim": {
        "u": {
            "mean": 0.49938,
            "std": 0.03978
        },
        "v": {
            "mean": 0.49995,
            "std": 0.0454
        }
    },
    "epi": {
        "u": {
            "mean": 0.08419,
            "std": 0.0258
        },
        "v": {
            "mean": 0.08303,
            "std": 0.02205
        }
    },
    "tke": {
        "u": {
            "mean": 0.02573,
            "std": 0.01074
        },
        "v": {
            "mean": 0.02272,
            "std": 0.00808
        }
    }
}