{
    "mse": {
        "psi1": {
            "mean": 0.001384463394060731,
            "std": 0.0005502586136572063
        },
        "psi2": {
            "mean": 0.0012279062066227198,
            "std": 0.00042434659553691745
        }
    },
    "ssim": {
        "psi1": {
            "mean": 0.8404168486595154,
            "std": 0.03953217715024948
        },
        "psi2": {
            "mean": 0.8147978782653809,
            "std": 0.04209457337856293
        }
    },
    "psnr": {
        "psi1": {
            "mean": 31.766202926635742,
            "std": 1.488242268562317
        },
        "psi2": {
            "mean": 31.31353187561035,
            "std": 1.471375823020935
        }
    },
    "lpips": {
        "psi1": {
            "mean": 0.2649221385866404,
            "std": 0.05036191712039213
        },
        "psi2": {
            "mean": 0.24815387566387653,
            "std": 0.04443452841391393
        }
    },
    "fsim": {
        "psi1": {
            "mean": 0.5060364007838173,
            "std": 0.03771496344738038
        },
        "psi2": {
            "mean": 0.5082006660852311,
            "std": 0.0420479711373533
        }
    },
    "epi": {
        "psi1": {
            "mean": 0.08433437405121207,
            "std": 0.02535651839180389
        },
        "psi2": {
            "mean": 0.08444882323088618,
            "std": 0.022201772066014237
        }
    },
    "tke": {
        "psi1": {
            "mean": 0.025987980020232497,
            "std": 0.010316791091803999
        },
        "psi2": {
            "mean": 0.023413996025919915,
            "std": 0.008291808699808575
        }
    }
}