{
    "mse": {
        "u": {
            "mean": 0.00138,
            "std": 0.00055
        },
        "v": {
            "mean": 0.00123,
            "std": 0.00042
        }
    },
    "ssim": {
        "u": {
            "mean": 0.84042,
            "std": 0.03953
        },
        "v": {
            "mean": 0.8148,
            "std": 0.04209
        }
    },
    "psnr": {
        "u": {
            "mean": 31.7662,
            "std": 1.48824
        },
        "v": {
            "mean": 31.31353,
            "std": 1.47138
        }
    },
    "lpips": {
        "u": {
            "mean": 0.26492,
            "std": 0.05036
        },
        "v": {
            "mean": 0.24815,
            "std": 0.04443
        }
    },
    "fsim": {
        "u": {
            "mean": 0.50604,
            "std": 0.03771
        },
        "v": {
            "mean": 0.5082,
            "std": 0.04205
        }
    },
    "epi": {
        "u": {
            "mean": 0.08433,
            "std": 0.02536
        },
        "v": {
            "mean": 0.08445,
            "std": 0.0222
        }
    },
    "tke": {
        "u": {
            "mean": 0.02599,
            "std": 0.01032
        },
        "v": {
            "mean": 0.02341,
            "std": 0.00829
        }
    }
}